geometry,SWID,NAME,PERMITTED,TYPE,RECYCLING,TRASH,EWaste,HHW,FOOD SCRAPS,C&D,CLEAN WOOD,LEAF YARD DEBRIS,MATERIAL SPECIFICS,ADDRESS,TOWN,STATE,ZIP,COUNTY,MAILING ADDRESS,MAILING CITY,MAILING STATE,MAILING ZIP,TELEPHONE,Email,WEBSITE,LAST VISIT,Active,Latitude,Longitude,Location,ID,EABPartnerFacility
"X: -8140059.65307286, Y: 5546191.1461358, Z: NaN",CH211,redacted,Yes,Transfer Station,YES,YES,YES,YES,YES,,YES,YES,,,,VT,,Chittenden,,,,,,,,,,44.51948797,-73.12335044,,59,NO
"X: -8135885.17216811, Y: 5594719.56981977, Z: NaN",FR540,redacted,Yes,Transfer Station,YES,YES,NO,NO,YES,,NO,YES,,,,VT,,Franklin,,,,,,,,,,44.82948692,-73.08594704,,84,NO
"X: -8156846.63228448, Y: 5615352.35811508, Z: NaN",GI011,redacted,Yes,Transfer Station,YES,YES,YES,YES,YES,YES,YES,YES,,,,VT,,Grand Isle,,,,,,,,,,44.9608232,-73.2742027,,86,NO
"X: -8160998.84929107, Y: 5588082.46353907, Z: NaN",GI421,redacted,Yes,Transfer Station,YES,YES,YES,NO,YES,,YES,YES,,,,VT,,Grand Isle,,,,,,,,,,44.787154,-73.3114931,,88,NO
"X: -8162612.98190757, Y: 5571675.33653966, Z: NaN",GI251,redacted,Yes,Transfer Station,YES,YES,NO,YES,YES,,YES,YES,,,,VT,,Grand Isle,,,,,,,,,,44.682533,-73.326019,,87,NO
"X: -8132378.60820812, Y: 5612112.10783557, Z: NaN",FR311,redacted,Yes,Transfer Station,YES,YES,YES,YES,YES,,NO,YES,,,,VT,,Franklin,,,,,,,,,,44.94015494,-73.05438125,,81,YES
"X: -8082607.66387445, Y: 5602429.74546968, Z: NaN",FR550,redacted,Yes,Transfer Station,YES,YES,YES,NO,YES,,YES,YES,,,,VT,,Franklin,,,,,,,,,,44.87858586,-72.60732622,,83,NO
"X: -8061980.16223046, Y: 5604566.51756017, Z: NaN",OL980,redacted,Yes,Transfer Station,YES,YES,YES,YES,YES,,NO,NO,,,,VT,,Orleans,,,,,,,,,,44.89220067,-72.42204745,,131,NO
"X: -8104014.40195399, Y: 5588113.83320812, Z: NaN",N/A,redacted,No,Transfer Station,YES,YES,YES,NO,YES,,NO,NO,,,,VT,,Franklin,,,,,,,,,,44.787429,-72.79962,,78,NO
"X: -8117829.15076144, Y: 5565023.79038012, Z: NaN",LA121,redacted,Yes,Transfer Station,YES,YES,NO,NO,YES,,NO,NO,,,,VT,,Lamoille,,,,,,,,,,44.63995584,-72.92365072,,89,NO
"X: -8102856.67924974, Y: 5548502.10034831, Z: NaN",LA771,redacted,Yes,Transfer Station,YES,YES,YES,NO,YES,YES,YES,YES,,,,VT,,Lamoille,,,,,,,,,,44.5343118,-72.7891521,,95,NO
"X: -8083587.27539343, Y: 5558345.84772998, Z: NaN",LA050,redacted,Yes,Transfer Station,YES,YES,YES,NO,YES,,NO,NO,,,,VT,,Lamoille,,,,,,,,,,44.59726092,-72.61605193,,91,NO
"X: -8074347.75765758, Y: 5576373.48386522, Z: NaN",LA950,redacted,Yes,Transfer Station,YES,YES,NO,NO,YES,,NO,NO,,,,VT,,Lamoille,,,,,,,,,,44.71246405,-72.53314376,,90,NO
"X: -8057482.8548024, Y: 5578880.15825435, Z: NaN",OL030,redacted,Yes,Transfer Station,YES,NO,NO,NO,NO,,NO,NO,,,,VT,,Orleans,,,,,,,,,,44.72846322,-72.38155638,,111,NO
"X: -8056369.65989447, Y: 5564554.45363469, Z: NaN",OL100,redacted,Yes,Transfer Station,YES,YES,NO,NO,YES,NO,NO,NO,,,,VT,,Orleans,,,,,,,,,,44.63695608,-72.37160236,,116,NO
"X: -8047875.98274694, Y: 5555563.51766685, Z: NaN",OL020,redacted,Yes,Transfer Station,YES,YES,NO,NO,YES,,NO,NO,,,,VT,,Orleans,,,,,,,,,,44.579475,-72.2953409,,120,NO
"X: -8051883.4844155, Y: 5543303.2786958, Z: NaN",CA144,redacted,Yes,Transfer Station,YES,YES,NO,YES,YES,,YES,NO,,,,VT,,Caledonia,,,,,,,,,,44.50102031,-72.33128875,,44,NO
"X: -8067958.01888605, Y: 5551344.75479434, Z: NaN",LA921,redacted,Yes,Transfer Station,YES,YES,YES,YES,YES,,YES,YES,,,,VT,,Lamoille,,,,,,,,,,44.55248781,-72.47573207,,97,NO
"X: -8057026.44489015, Y: 5580556.883675, Z: NaN",OL050,redacted,Yes,Transfer Station,NO,NO,NO,NO,NO,,NO,NO,,,,VT,,Orleans,,,,,,,,,,44.73919819,-72.37745788,,112,NO
"X: -8134604.99802399, Y: 5539651.82887238, Z: NaN",CH930,redacted,Yes,Transfer Station,YES,YES,YES,YES,YES,,YES,YES,,,,VT,,Chittenden,,,,,,,,,,44.47755391,-73.07444572,,70,NO
"X: -8083709.7268333, Y: 5567621.22580229, Z: NaN",LA331,redacted,Yes,Transfer Station,YES,YES,YES,NO,YES,YES,YES,YES,,,,VT,,Lamoille,,,,,,,,,,44.65655015,-72.61722565,,92,NO
"X: -8084767.26199584, Y: 5548033.61623308, Z: NaN",LA931,redacted,Yes,Transfer Station,YES,YES,YES,NO,YES,NO,NO,NO,,,,VT,,Lamoille,,,,,,,,,,44.531296,-72.626694,,93,NO
"X: -8039660.6043264, Y: 5607143.88547241, Z: NaN",OL510,redacted,Yes,Transfer Station,YES,YES,NO,NO,YES,,NO,NO,,,,VT,,Orleans,,,,,,,,,,44.90860132,-72.22148249,,115,NO
"X: -8015860.4971948, Y: 5608558.60721159, Z: NaN",OL461,redacted,Yes,Transfer Station,YES,YES,YES,YES,YES,,YES,YES,,,,VT,,Orleans,,,,,,,,,,44.91764215,-72.0077144,,124,NO
"X: -7992505.66802637, Y: 5622434.62370755, Z: NaN",ES033,redacted,Yes,Transfer Station,YES,YES,YES,YES,YES,,NO,NO,,,,VT,,Essex,,,,,,,,,,45.00578456,-71.79789073,,77,NO
"X: -7960367.73103436, Y: 5607898.37616239, Z: NaN",ES900,redacted,Yes,Transfer Station,YES,YES,YES,YES,YES,,NO,NO,,,,VT,,Essex,,,,,,,,,,44.91344726,-71.50919996,,73,NO
"X: -8002980.83211002, Y: 5565055.08035931, Z: NaN",ES061,redacted,Yes,Transfer Station,YES,YES,YES,YES,YES,,NO,YES,,,,VT,,Essex,,,,,,,,,,44.64018012,-71.89197642,,75,NO
"X: -7977510.93261652, Y: 5537124.75980896, Z: NaN",ES391,redacted,Yes,Transfer Station,YES,YES,YES,YES,YES,,NO,YES,,,,VT,,Essex,,,,,,,,,,44.4613775,-71.66322175,,76,NO
"X: -8038814.57619637, Y: 5610366.62971289, Z: NaN",OL080,redacted,Yes,Transfer Station,YES,NO,YES,NO,NO,,NO,NO,,,,VT,,Orleans,,,,,,,,,,44.92905283,-72.21389335,,125,NO
"X: -8028884.87761761, Y: 5618137.38603445, Z: NaN",OL965,redacted,Yes,Transfer Station,NO,NO,NO,NO,NO,,YES,YES,,,,VT,,Orleans,,,,,,,,,,44.97850683,-72.12471365,,118,NO
"X: -8015315.03168992, Y: 5616343.54073134, Z: NaN",OL200,redacted,Yes,Transfer Station,YES,NO,YES,YES,NO,,NO,NO,,,,VT,,Orleans,,,,,,,,,,44.96705002,-72.00281137,,121,NO
"X: -8030276.37125253, Y: 5614062.41041654, Z: NaN",OL960,redacted,Yes,Transfer Station,YES,NO,NO,YES,YES,,NO,NO,,,,VT,,Orleans,,,,,,,,,,44.95259965,-72.13715311,,117,NO
"X: -8137833.26325699, Y: 5574024.10593928, Z: NaN",FR600,redacted,Yes,Transfer Station,YES,YES,YES,YES,YES,YES,NO,NO,,,,VT,,Franklin,,,,,,,,,,44.69747,-73.103358,,229,NO
"X: -8140894.5492538, Y: 5562771.1952607, Z: NaN",CH451,redacted,Yes,Transfer Station,YES,YES,YES,YES,YES,,YES,YES,,,,VT,,Chittenden,,,,,,,,,,44.625568,-73.13093495,,61,NO
"X: -8140204.36841089, Y: 5559596.61076043, Z: NaN",CH990,redacted,Yes,Transfer Station,NO,NO,NO,NO,NO,,YES,NO,,,,VT,,Chittenden,,,,,,,,,,44.60530162,-73.12471387,,247,YES
"X: -8128204.12730337, Y: 5532244.19819107, Z: NaN",CH611,redacted,Yes,Transfer Station,YES,YES,YES,YES,YES,,YES,YES,,,,VT,,Chittenden,,,,,,,,,,44.43008175,-73.01685468,,62,NO
"X: -8134682.92166754, Y: 5515206.12116438, Z: NaN",CH200,redacted,Yes,Transfer Station,YES,YES,YES,YES,YES,,YES,YES,,,,VT,,Chittenden,,,,,,,,,,44.32072582,-73.07511275,,60,NO
"X: -8139592.11121153, Y: 5504693.89985822, Z: NaN",AD302,redacted,Yes,Transfer Station,YES,YES,NO,NO,YES,,NO,YES,,,,VT,,Addison,,,,,,,,,,44.25312174,-73.11922592,,20,NO
"X: -8075639.06375079, Y: 5523347.41001248, Z: NaN",WA231,redacted,Yes,Transfer Station,YES,YES,NO,NO,YES,YES,NO,NO,,,,VT,,Washington,,,,,,,,,,44.37300627,-72.54473234,,182,NO
"X: -8016339.17100521, Y: 5575198.71880669, Z: NaN",OL911,redacted,Yes,Transfer Station,YES,YES,YES,YES,YES,,YES,YES,,,,VT,,Orleans,,,,,,,,,,44.70498591,-72.01198344,,132,NO
"X: -8009604.34181222, Y: 5572599.11326332, Z: NaN",CA511,redacted,Yes,Transfer Station,YES,YES,NO,YES,YES,,NO,YES,,,,VT,,Caledonia,,,,,,,,,,44.68839144,-71.95150433,,48,NO
"X: -8015136.92050465, Y: 5549095.54820832, Z: NaN",CA384,redacted,Yes,Transfer Station,YES,YES,YES,YES,YES,,YES,YES,,,,VT,,Caledonia,,,,,,,,,,44.53807585,-72.00120807,,47,NO
"X: -8024843.98010182, Y: 5556985.83838088, Z: NaN",CA921,redacted,Yes,Transfer Station,YES,YES,NO,NO,YES,,NO,NO,,,,VT,,Caledonia,,,,,,,,,,44.5885922,-72.08844957,,53,NO
"X: -8150312.17817492, Y: 5538450.60364566, Z: NaN",CH056,redacted,Yes,Transfer Station,YES,YES,YES,YES,YES,,NO,YES,,,,VT,,Chittenden,,,,,,,,,,44.46987849,-73.21552723,,54,NO
"X: -8145647.89151068, Y: 5539792.24216712, Z: NaN",CH771,redacted,Yes,Transfer Station,YES,YES,YES,YES,YES,,YES,YES,,,,VT,,Chittenden,,,,,,,,,,44.47848173,-73.17361472,,65,NO
"X: -8149499.54589213, Y: 5542054.75496824, Z: NaN",N/A,redacted,No,Transfer Station,NO,NO,NO,NO,NO,,YES,YES,,,,VT,,Chittenden,,,,,,,,,,44.49302196,-73.2081527,,55,NO
"X: -8140527.19493419, Y: 5537467.90087336, Z: NaN",CH045,redacted,Yes,Transfer Station,YES,YES,NO,NO,NO,YES,YES,NO,,,,VT,,Chittenden,,,,,,,,,,44.46355955,-73.12756489,,68,NO
"X: -8097936.35775668, Y: 5516435.41048046, Z: NaN",WA163,redacted,Yes,Transfer Station,YES,YES,NO,NO,NO,YES,NO,NO,,,,VT,,Washington,,,,,,,,,,44.32857155,-72.74499036,,181,NO
"X: -8071364.39530433, Y: 5502766.9346203, Z: NaN",WA111,redacted,Yes,Transfer Station,YES,YES,YES,NO,YES,,YES,YES,,,,VT,,Washington,,,,,,,,,,44.24069501,-72.5062573,,170,NO
"X: -8075728.11934342, Y: 5503031.09131246, Z: NaN",WA444,redacted,Yes,Transfer Station,YES,YES,YES,NO,YES,,NO,NO,,,,VT,,Washington,,,,,,,,,,44.242415,-72.545473,,174,NO
"X: -8068481.22049278, Y: 5491927.55412329, Z: NaN",WA080,redacted,Yes,Transfer Station,YES,YES,NO,NO,NO,,NO,NO,,,,VT,,Washington,,,,,,,,,,44.17093794,-72.48036135,,164,NO
"X: -8088184.77036319, Y: 5490422.23756141, Z: NaN",WA561,redacted,Yes,Transfer Station,YES,YES,YES,NO,YES,,NO,NO,,,,VT,,Washington,,,,,,,,,,44.16123711,-72.65743375,,176,NO
"X: -8107676.8132011, Y: 5490391.2027108, Z: NaN",WA921,redacted,Yes,Transfer Station,YES,YES,YES,NO,YES,YES,YES,YES,,,,VT,,Washington,,,,,,,,,,44.160995,-72.832504,,179,NO
"X: -8136553.08911287, Y: 5456223.57378536, Z: NaN",AD719,redacted,Yes,Transfer Station,YES,YES,YES,NO,YES,YES,YES,YES,,,,VT,,Addison,,,,,,,,,,43.9403588,-73.09186935,,236,NO
"X: -8075561.14010724, Y: 5481984.63200513, Z: NaN",OG941,redacted,Yes,Transfer Station,YES,YES,YES,NO,YES,,NO,YES,,,,VT,,Orange,,,,,,,,,,44.10678323,-72.54398083,,110,NO
"X: -8033860.85885607, Y: 5519703.94684134, Z: NaN",CA571,redacted,Yes,Transfer Station,YES,YES,YES,YES,YES,,NO,NO,,,,VT,,Caledonia,,,,,,,,,,44.34963555,-72.16937667,,49,NO
"X: -8017697.26879289, Y: 5529111.41365277, Z: NaN",CA721,redacted,Yes,Transfer Station,YES,YES,YES,NO,YES,,YES,YES,,,,VT,,Caledonia,,,,,,,,,,44.4099544,-72.0242111,,51,NO
"X: -8001377.8314426, Y: 5534582.79916375, Z: NaN",ES101,redacted,Yes,Transfer Station,YES,YES,YES,YES,YES,,NO,NO,,,,VT,,Essex,,,,,,,,,,44.44509793,-71.8775636,,74,NO
"X: -8009849.24469197, Y: 5524188.41592345, Z: NaN",CA051,redacted,Yes,Transfer Station,YES,YES,YES,YES,YES,,NO,NO,,,,VT,,Caledonia,,,,,,,,,,44.37839906,-71.95367871,,52,NO
"X: -8019044.23463149, Y: 5522163.9034249, Z: NaN",CA071,redacted,Yes,Transfer Station,YES,YES,YES,YES,YES,,NO,NO,,,,VT,,Caledonia,,,,,,,,,,44.36543416,-72.03631282,,39,NO
"X: -8022172.31232278, Y: 5496553.68419151, Z: NaN",CA040,redacted,Yes,Transfer Station,YES,YES,YES,YES,YES,,YES,YES,,,,VT,,Caledonia,,,,,,,,,,44.20070781,-72.06440841,,50,NO
"X: -8064239.94789356, Y: 5468104.30886468, Z: NaN",OG131,redacted,Yes,Transfer Station,YES,YES,NO,YES,YES,,NO,NO,,,,VT,,Orange,,,,,,,,,,44.01716173,-72.44230807,,99,NO
"X: -8050981.79654008, Y: 5460878.12472573, Z: NaN",OG011,redacted,Yes,Transfer Station,YES,YES,NO,NO,NO,,NO,NO,,,,VT,,Orange,,,,,,,,,,43.97048896,-72.32322851,,108,NO
"X: -8032280.12208681, Y: 5450196.26341773, Z: NaN",OG950,redacted,Yes,Transfer Station,YES,YES,NO,YES,YES,,NO,NO,,,,VT,,Orange,,,,,,,,,,43.90135906,-72.15523533,,102,NO
"X: -8145402.98863093, Y: 5469482.10722132, Z: NaN",AD002,redacted,Yes,Transfer Station,YES,NO,NO,NO,NO,,NO,NO,,,,VT,,Addison,,,,,,,,,,44.02605707,-73.17138547,,18,NO
"X: -8141985.48026358, Y: 5464513.71644823, Z: NaN",AD401,redacted,Yes,Transfer Station,YES,YES,YES,YES,YES,YES,YES,YES,,,,VT,,Addison,,,,,,,,,,43.99404651,-73.1407103,,19,YES
"X: -8137310.06165026, Y: 5433649.19852213, Z: NaN",RU081,redacted,Yes,Transfer Station,YES,YES,YES,YES,YES,,YES,YES,,,,VT,,Rutland,,,,,,,,,,43.79415638,-73.09867231,,137,NO
"X: -8160486.77963343, Y: 5431999.20966291, Z: NaN",N/A,redacted,No,Transfer Station,YES,YES,NO,NO,YES,,NO,YES,,,,VT,,Addison,,,,,,,,,,43.78349811,-73.30693956,,22,NO
"X: -8160909.79369843, Y: 5420041.76166142, Z: NaN",RU061,redacted,Yes,Transfer Station,YES,YES,YES,YES,YES,,NO,YES,,,,VT,,Rutland,,,,,,,,,,43.70585115,-73.3106888,,135,NO
"X: -8157314.17414582, Y: 5402488.07576544, Z: NaN",RU033,redacted,Yes,Transfer Station,YES,YES,YES,YES,YES,YES,YES,YES,,,,VT,,Rutland,,,,,,,,,,43.59179138,-73.27840626,,144,NO
"X: -8152282.53316196, Y: 5378373.42925496, Z: NaN",RU921,redacted,Yes,Transfer Station,YES,YES,NO,NO,YES,,NO,NO,,,,VT,,Rutland,,,,,,,,,,43.43468691,-73.23315717,,161,NO
"X: -8149121.05962343, Y: 5392503.04482395, Z: NaN",RU581,redacted,Yes,Transfer Station,YES,YES,YES,YES,YES,,YES,YES,,,,VT,,Rutland,,,,,,,,,,43.52684523,-73.20478956,,151,NO
"X: -8146171.09311741, Y: 5403917.58475943, Z: NaN",RU101,redacted,Yes,Transfer Station,YES,YES,YES,YES,YES,,YES,YES,,,,VT,,Rutland,,,,,,,,,,43.60106399,-73.17832319,,139,NO
"X: -8139480.79172073, Y: 5386302.38545958, Z: NaN",RU311,redacted,Yes,Transfer Station,YES,YES,YES,YES,YES,,NO,YES,,,,VT,,Rutland,,,,,,,,,,43.48639799,-73.11822643,,146,NO
"X: -8130040.89890146, Y: 5420488.34641648, Z: NaN",RU461,redacted,Yes,Transfer Station,YES,YES,YES,YES,YES,,YES,YES,,,,VT,,Rutland,,,,,,,,,,43.70875293,-73.03344093,,150,NO
"X: -8129039.02348432, Y: 5414284.29307155, Z: NaN",RU601,redacted,Yes,Transfer Station,YES,YES,YES,YES,YES,,NO,YES,,,,VT,,Rutland,,,,,,,,,,43.66850799,-73.02436888,,152,NO
"X: -8121447.03421222, Y: 5420457.54677419, Z: NaN",RU141,redacted,Yes,Transfer Station,YES,YES,YES,YES,YES,,NO,YES,,,,VT,,Rutland,,,,,,,,,,43.70855519,-72.95617104,,140,NO
"X: -8125131.70935748, Y: 5405178.19536587, Z: NaN",RU999,redacted,Yes,Transfer Station,YES,YES,NO,NO,YES,,NO,NO,,,,VT,,Rutland,,,,,,,,,,43.60930091,-72.9893346,,153,NO
"X: -8120912.70065641, Y: 5406961.79173824, Z: NaN",RU623,redacted,Yes,Transfer Station,YES,YES,YES,YES,YES,,YES,YES,,,,VT,,Rutland,,,,,,,,,,43.62090043,-72.95135624,,155,YES
"X: -8105661.93041774, Y: 5418902.29845564, Z: NaN",RU761,redacted,Yes,Transfer Station,YES,YES,YES,YES,YES,,NO,NO,,,,VT,,Rutland,,,,,,,,,,43.69848757,-72.81442383,,145,NO
"X: -8086960.25596447, Y: 5420965.75401464, Z: NaN",WS051,redacted,Yes,Transfer Station,YES,YES,NO,NO,NO,,NO,NO,,,,VT,,Windsor,,,,,,,,,,43.71187718,-72.64637875,,207,NO
"X: -8079223.55135433, Y: 5439048.42307814, Z: NaN",WS061,redacted,Yes,Transfer Station,YES,YES,YES,YES,YES,,YES,YES,,,,VT,,Windsor,,,,,,,,,,43.82915556,-72.5769335,,216,NO
"X: -8071375.52725341, Y: 5442644.5195786, Z: NaN",OG841,redacted,Yes,Transfer Station,YES,YES,NO,NO,YES,,NO,NO,,,,VT,,Orange,,,,,,,,,,43.85248312,-72.50637932,,107,NO
"X: -8051282.35916522, Y: 5435006.42011761, Z: NaN",WS511,redacted,Yes,Transfer Station,YES,YES,YES,YES,YES,,NO,YES,,,,VT,,Windsor,,,,,,,,,,43.80298568,-72.32591676,,213,NO
"X: -8042554.91108703, Y: 5441085.5241863, Z: NaN",OG010,redacted,Yes,Transfer Station,YES,YES,NO,NO,YES,,NO,NO,,,,VT,,Orange,,,,,,,,,,43.84240474,-72.24754214,,106,NO
"X: -8087906.47163621, Y: 5450428.01001221, Z: NaN",OG671,redacted,Yes,Transfer Station,YES,YES,YES,NO,YES,,NO,NO,,,,VT,,Orange,,,,,,,,,,43.90286382,-72.65493895,,104,NO
"X: -8054466.09660191, Y: 5406469.73078654, Z: NaN",WS280,redacted,Yes,Transfer Station,YES,YES,YES,YES,YES,YES,YES,YES,,,,VT,,Windsor,,,,,,,,,,43.61774187,-72.35450857,,220,NO
"X: -8131666.16346704, Y: 5380504.53265494, Z: NaN",RU801,redacted,Yes,Transfer Station,YES,YES,YES,YES,YES,,YES,YES,,,,VT,,Rutland,,,,,,,,,,43.44856383,-73.04801308,,159,NO
"X: -8123250.40996307, Y: 5387698.70659283, Z: NaN",RU131,redacted,Yes,Transfer Station,YES,YES,YES,YES,YES,,YES,YES,,,,VT,,Rutland,,,,,,,,,,43.49546933,-72.97238286,,141,NO
"X: -8124363.60487101, Y: 5383863.16428766, Z: NaN",RU901,redacted,Yes,Transfer Station,YES,YES,YES,NO,YES,,NO,YES,,,,VT,,Rutland,,,,,,,,,,43.47048717,-72.98239231,,160,NO
"X: -8125654.91096421, Y: 5367572.1247853, Z: NaN",RU501,redacted,Yes,Transfer Station,YES,YES,NO,NO,YES,NO,NO,NO,,,,VT,,Rutland,,,,,,,,,,43.36419033,-72.99397406,,148,NO
"X: -8127090.93239544, Y: 5345991.82953638, Z: NaN",BN200,redacted,Yes,Transfer Station,YES,YES,YES,YES,YES,YES,YES,YES,,,,VT,,Bennington,,,,,,,,,,43.2230637,-73.0069044,,29,NO
"X: -8136697.8044509, Y: 5329843.1801256, Z: NaN",BN771,redacted,Yes,Transfer Station,YES,YES,YES,YES,YES,YES,YES,YES,,,,VT,,Bennington,,,,,,,,,,43.117306,-73.093224,,37,NO
"X: -8117016.51847865, Y: 5336570.92857401, Z: NaN",BN961,redacted,Yes,Transfer Station,YES,YES,YES,YES,YES,,YES,YES,,,,VT,,Bennington,,,,,,,,,,43.1614005,-72.91639427,,38,NO
"X: -8148442.01072959, Y: 5306646.00649389, Z: NaN",BN741,redacted,Yes,Transfer Station,YES,YES,NO,NO,YES,YES,YES,YES,,,,VT,,Bennington,,,,,,,,,,42.96497075,-73.19871651,,34,NO
"X: -8148108.05225721, Y: 5299711.74070654, Z: NaN",BN081,redacted,Yes,Transfer Station,YES,YES,YES,YES,YES,YES,YES,YES,,,,VT,,Bennington,,,,,,,,,,42.919434,-73.195656,,28,YES
"X: -8147005.98929836, Y: 5284037.326185, Z: NaN",BN581,redacted,Yes,Transfer Station,YES,YES,YES,YES,YES,YES,YES,YES,,,,VT,,Bennington,,,,,,,,,,42.81624393,-73.18582177,,30,NO
"X: -8152972.71400488, Y: 5276209.92876304, Z: NaN",BN490,redacted,Yes,Transfer Station,YES,YES,YES,NO,YES,,NO,NO,,,,VT,,Bennington,,,,,,,,,,42.76463456,-73.23943377,,231,NO
"X: -8134927.82454729, Y: 5275527.61609227, Z: NaN",BN762,redacted,Yes,Transfer Station,YES,YES,YES,NO,YES,YES,YES,YES,,,,VT,,Bennington,,,,,,,,,,42.76011765,-73.07730229,,36,NO
"X: -8119109.32490556, Y: 5277301.73213421, Z: NaN",BN612,redacted,Yes,Transfer Station,YES,NO,NO,NO,NO,,NO,NO,,,,VT,,Bennington,,,,,,,,,,42.77179826,-72.93522765,,31,NO
"X: -8114912.58010266, Y: 5278530.1626509, Z: NaN",WH921,redacted,Yes,Transfer Station,YES,YES,YES,NO,NO,,NO,NO,,,,VT,,Windham,,,,,,,,,,42.77991976,-72.89746213,,205,NO
"X: -8123851.53521335, Y: 5296155.35990244, Z: NaN",BN421,redacted,Yes,Transfer Station,YES,YES,YES,NO,YES,YES,YES,YES,,,,VT,,Bennington,,,,,,,,,,42.895995,-72.977793,,230,NO
"X: -8104381.75627361, Y: 5295881.84805522, Z: NaN",WH941,redacted,Yes,Transfer Station,YES,YES,NO,NO,YES,YES,NO,NO,,,,VT,,Windham,,,,,,,,,,42.8942,-72.8029,,206,NO
"X: -8106062.68058459, Y: 5301247.17704494, Z: NaN",WH181,redacted,Yes,Transfer Station,YES,YES,YES,YES,YES,,NO,YES,,,,VT,,Windham,,,,,,,,,,42.92952459,-72.81800961,,190,NO
"X: -8076273.58484831, Y: 5287649.83830094, Z: NaN",WH082,redacted,Yes,Transfer Station,YES,YES,NO,NO,YES,,YES,NO,,,,VT,,Windham,,,,,,,,,,42.83998873,-72.55042113,,187,NO
"X: -8108411.52184033, Y: 5379308.60139589, Z: NaN",RU043,redacted,Yes,Transfer Station,YES,YES,YES,NO,YES,NO,NO,YES,,,,VT,,Rutland,,,,,,,,,,43.44084669,-72.83907442,,147,NO
"X: -8107721.34099741, Y: 5392303.45401423, Z: NaN",RU781,redacted,Yes,Transfer Station,YES,YES,YES,YES,YES,,YES,YES,,,,VT,,Rutland,,,,,,,,,,43.52546432,-72.83294037,,158,NO
"X: -8103524.5961945, Y: 5348864.27434774, Z: NaN",WH391,redacted,Yes,Transfer Station,YES,YES,NO,NO,YES,,YES,YES,,,,VT,,Windham,,,,,,,,,,43.24187336,-72.79517412,,195,YES
"X: -8101810.27603629, Y: 5327159.53681388, Z: NaN",WH301,redacted,Yes,Transfer Station,YES,YES,YES,YES,YES,,YES,YES,,,,VT,,Windham,,,,,,,,,,43.09966197,-72.77977446,,194,NO
"X: -8103001.39458777, Y: 5317574.86066327, Z: NaN",WH891,redacted,Yes,Transfer Station,YES,YES,YES,YES,YES,,NO,NO,,,,VT,,Windham,,,,,,,,,,43.036765,-72.790474,,202,NO
"X: -8113287.31553707, Y: 5320590.91599584, Z: NaN",WH960,redacted,Yes,Transfer Station,YES,YES,NO,YES,YES,,YES,NO,,,,VT,,Windham,,,,,,,,,,43.05657309,-72.8828595,,199,NO
"X: -8075160.38994038, Y: 5295897.0429484, Z: NaN",WH083,redacted,Yes,Transfer Station,YES,YES,YES,YES,YES,,YES,YES,,,,VT,,Windham,,,,,,,,,,42.89428323,-72.54036011,,188,NO
"X: -8063638.82264328, Y: 5329568.68117717, Z: NaN",WH100,redacted,Yes,Transfer Station,YES,YES,YES,YES,YES,,NO,YES,,,,VT,,Windham,,,,,,,,,,43.11552545,-72.43685261,,204,NO
"X: -8062636.94722614, Y: 5352272.63232854, Z: NaN",WS995,redacted,Yes,Transfer Station,YES,YES,NO,NO,YES,YES,YES,YES,,,,VT,,,,,,,,,,,,43.26416272,-72.42791402,,249,NO
"X: -8071520.24259144, Y: 5360500.63026698, Z: NaN",WS090,redacted,Yes,Transfer Station,YES,YES,YES,YES,YES,,NO,YES,,,,VT,,Windsor,,,,,,,,,,43.31804058,-72.50766824,,217,NO
"X: -8081683.71210086, Y: 5371171.1634454, Z: NaN",WS111,redacted,Yes,Transfer Station,YES,YES,YES,YES,YES,,NO,YES,,,,VT,,Windsor,,,,,,,,,,43.38774992,-72.59901541,,209,NO
"X: -8072177.02758712, Y: 5374618.35928461, Z: NaN",WS921,redacted,Yes,Transfer Station,YES,YES,YES,YES,YES,,NO,YES,,,,VT,,Windsor,,,,,,,,,,43.41019941,-72.51361963,,218,NO
"X: -8094552.24523657, Y: 5370098.96351179, Z: NaN",WS331,redacted,Yes,Transfer Station,YES,YES,YES,YES,YES,,YES,YES,,,,VT,,Windsor,,,,,,,,,,43.38072155,-72.7146414,,212,NO
"X: -8088552.12468281, Y: 5321291.75511301, Z: NaN",WH421,redacted,Yes,Transfer Station,YES,YES,NO,YES,NO,,YES,NO,,,,VT,,Windham,,,,,,,,,,43.06123467,-72.66074486,,200,NO
"X: -8094129.23117155, Y: 5391581.89235537, Z: NaN",WS950,redacted,Yes,Transfer Station,YES,YES,NO,NO,YES,,NO,YES,,,,VT,,Windsor,,,,,,,,,,43.52081422,-72.71084715,,214,NO
"X: -8043801.68938391, Y: 5594264.38816299, Z: NaN",OL350,redacted,Yes,Food Scraps Management Facility,NO,NO,NO,NO,YES,NO,WOOD CHIPS ONLY,YES,,,,VT,,,,,,,,,,,,44.8266079,-72.2586514,,253,YES
"X: -8016495.01829232, Y: 5555469.74610226, Z: NaN",CA045,redacted,Yes,Food Scraps Management Facility,NO,NO,NO,NO,YES,,WOOD CHIPS ONLY,YES,,,,VT,,Caledonia,,,,,,,,,,44.5789275,-72.01336012,,46,YES
"X: -8070329.12403995, Y: 5510663.85484353, Z: NaN",WA040,redacted,Yes,Food Scraps Management Facility,NO,NO,NO,NO,YES,,WOOD CHIPS ONLY,NO,,,,VT,,Washington,,,,,,,,,,44.29154097,-72.49697685,,168,YES
"X: -8083765.3865787, Y: 5567793.37128272, Z: NaN",,redacted,Yes,Food Scraps Management Facility,NO,NO,NO,NO,YES,NO,WOOD CHIPS ONLY,YES,,,,VT,,,,,,,,,,,,44.657657,-72.617745,,238,YES
"X: -8150033.87944793, Y: 5532166.25516309, Z: NaN",CH030,redacted,Yes,Food Scraps Management Facility,NO,NO,NO,NO,YES,NO,NO,NO,,,,VT,,,,,,,,,,,,44.42957256,-73.21303851,,254,NO
"X: -8140527.19493419, Y: 5537467.90087336, Z: NaN",CH045,redacted,Yes,Food Scraps Management Facility,NO,NO,NO,NO,YES,NO,NO,NO,,,,VT,,Chittenden,,,,,,,,,,44.46355955,-73.12756489,,255,NO
"X: -8135517.81784849, Y: 5539183.80019739, Z: NaN",CH940,redacted,Yes,Food Scraps Management Facility,NO,NO,NO,NO,YES,,WOOD CHIPS ONLY,YES,,,,VT,,Chittenden,,,,,,,,,,44.47457183,-73.08257946,,66,YES
"X: -8146983.7254002, Y: 5466726.71729281, Z: NaN",N/A,redacted,No,Food Scraps Management Facility,NO,NO,NO,NO,YES,,YES,YES,,,,VT,,Addison,,,,,,,,,,44.00825495,-73.18562815,,15,NO
"X: -8140760.96586485, Y: 5464297.0876852, Z: NaN",AD010,redacted,Yes,Food Scraps Management Facility,NO,NO,NO,NO,YES,,YES,YES,,,,VT,,Addison,,,,,,,,,,43.99261601,-73.12971631,,16,NO
"X: -8143610.74482916, Y: 5454909.59243924, Z: NaN",AD853,redacted,Yes,Food Scraps Management Facility,NO,NO,NO,NO,YES,NO,NO,NO,,,,VT,,,,,,,,,,,,43.93187603,-73.15533508,,250,NO
"X: -8131332.20499466, Y: 5437752.32056879, Z: NaN",RU1002,redacted,Yes,Food Scraps Management Facility,NO,NO,NO,NO,YES,NO,WOOD CHIPS ONLY,NO,,,,VT ,,Rutland,,,,,,,,,,43.820755,-73.045006,,239,YES
"X: -8100797.26867007, Y: 5440962.05068423, Z: NaN",WS070,redacted,Yes,Food Scraps Management Facility,NO,NO,NO,NO,YES,NO,WOOD CHIPS ONLY,NO,,,,VT,,,,,,,,,,,,43.8415962,-72.7706727,,258,YES
"X: -8045749.78047279, Y: 5467670.88697911, Z: NaN",OG170,redacted,Yes,Food Scraps Management Facility,NO,NO,NO,NO,YES,,WOOD CHIPS ONLY,YES,,,,VT,,Orange,,,,,,,,,,44.01441705,-72.27624621,,100,YES
"X: -8052874.22788357, Y: 5404225.03491691, Z: NaN",WS994,redacted,Yes,Food Scraps Management Facility,NO,NO,NO,NO,YES,NO,WOOD CHIPS ONLY,YES,,,,VT,,Windsor,,,,,,,,,,43.60314313,-72.3402071,,234,NO
"X: -8034896.13012045, Y: 5369042.20186452, Z: NaN",N/A,redacted,No,Food Scraps Management Facility,NO,NO,NO,NO,YES,,YES,YES,,,,NH,,,,,,,,,,,,43.37382967,-72.17865229,,5,NO
"X: -8054121.00618045, Y: 5408222.81748232, Z: NaN",WS998,redacted,Yes,Food Scraps Management Facility,NO,NO,NO,NO,YES,NO,WOOD CHIPS ONLY,YES,,,,VT,,,,,,,,,,,,43.62907,-72.3514019,,252,YES
"X: -8062636.94722614, Y: 5352272.63232854, Z: NaN",WS995,redacted,Yes,Food Scraps Management Facility,NO,NO,NO,NO,YES,NO,NO,NO,,,,VT,,,,,,,,,,,,43.2641539,-72.42788206,,256,NO
"X: -8074837.56341708, Y: 5296109.77404015, Z: NaN",WH083,redacted,Yes,Food Scraps Management Facility,NO,NO,NO,NO,YES,,WOOD CHIPS ONLY,YES,,,,VT,,Windham,,,,,,,,,,42.895727,-72.53746748,,222,YES
"X: -8044625.45361578, Y: 5300441.42163654, Z: NaN",N/A,redacted,No,Food Scraps Management Facility,NO,NO,NO,NO,NO,,YES,YES,,,,NH,,,,,,,,,,,,42.92415748,-72.26612449,,6,NO
"X: -8148197.10784984, Y: 5300335.00629346, Z: NaN",BN070,redacted,Yes,Food Scraps Management Facility,NO,NO,NO,NO,YES,NO,WOOD CHIPS ONLY,NO,,,,VT,,Bennington,,,,,,,,,,42.92353683,-73.19648623,,33,YES
,,redacted,,Food Scraps Management Facility,,,,,,,,,,,,,,,,,,,,,,,,44.84963623,-73.088392,,,